<?xml version="1.0" encoding="UTF-8"?>
<!-- 加入头文件 -->
<beans xmlns="http://www.springframework.org/schema/beans"
	xmlns:context="http://www.springframework.org/schema/context"
	xmlns:xsi="http://www.w3.org/2001/XMLSchema-instance" xmlns:aop="http://www.springframework.org/schema/aop"
	xmlns:tx="http://www.springframework.org/schema/tx"
	xsi:schemaLocation="http://www.springframework.org/schema/beans 
	http://www.springframework.org/schema/beans/spring-beans.xsd
	http://www.springframework.org/schema/context
	http://www.springframework.org/schema/context/spring-context.xsd
    http://www.springframework.org/schema/aop
    http://www.springframework.org/schema/aop/spring-aop.xsd
    http://www.springframework.org/schema/tx
	http://www.springframework.org/schema/tx/spring-tx.xsd
	">


	<!-- 声明式事务的配置开始 -->
	<!-- 声明事务管理器 -->
	<bean id="transactionManager"
		class="org.springframework.jdbc.datasource.DataSourceTransactionManager">
		<!-- 注入数据源 -->
		<property name="dataSource" ref="dataSource"></property>
	</bean>
	<!-- 声明通知方式 id ：通知在ioc容器里面的key transaction-manager:使用事务管理器 -->
	<tx:advice id="advise" transaction-manager="transactionManager">
		<!-- 配置哪些方法要加入事务 -->
		<tx:attributes>
			<!-- name="add*" 代表切面里面的类的所有方法如果为add开头就使用事务 -->
			<tx:method name="add*" propagation="REQUIRED" />
			<tx:method name="save*" propagation="REQUIRED" />
			<tx:method name="insert*" propagation="REQUIRED" />
			<tx:method name="update*" propagation="REQUIRED" />
			<tx:method name="delete*" propagation="REQUIRED" />
			<tx:method name="del*" propagation="REQUIRED" />
			<tx:method name="load*" propagation="REQUIRED" />
			<tx:method name="reset*" propagation="REQUIRED" />
			<tx:method name="get*" propagation="REQUIRED" />
			<tx:method name="query*" read-only="true" />
			<!-- 如果以上方法名都不能匹配就使用下面这个* -->
			<tx:method name="*" read-only="true" />
		</tx:attributes>
	</tx:advice>
	<!-- 进行AOP配置 -->
	<aop:config>
		<!-- 声明切面 -->
		<aop:pointcut expression="execution(* com.sxt.sys.service.impl.*.*(..))" id="pc1" />
		<aop:pointcut expression="execution(* com.sxt.bus.service.impl.*.*(..))" id="pc2" />
		<!-- 织入 -->
		<aop:advisor advice-ref="advise" pointcut-ref="pc1" />
		<aop:advisor advice-ref="advise" pointcut-ref="pc2" />
	</aop:config>
	<!-- 声明式事务的配置结束 -->

	<!-- 扫描service -->                 
	<context:component-scan base-package="com.sxt.sys.service.impl"></context:component-scan>
	<context:component-scan base-package="com.sxt.bus.service.impl"></context:component-scan>
</beans>


