<?xml version="1.0" encoding="UTF-8"?>
<!-- 加入头文件 -->
<beans xmlns="http://www.springframework.org/schema/beans"
	xmlns:context="http://www.springframework.org/schema/context"
	xmlns:xsi="http://www.w3.org/2001/XMLSchema-instance"
	xmlns:aop="http://www.springframework.org/schema/aop"
	xmlns:tx="http://www.springframework.org/schema/tx"
	xsi:schemaLocation="http://www.springframework.org/schema/beans 
	http://www.springframework.org/schema/beans/spring-beans.xsd
	http://www.springframework.org/schema/context
	http://www.springframework.org/schema/context/spring-context.xsd
    http://www.springframework.org/schema/aop
    http://www.springframework.org/schema/aop/spring-aop.xsd
    http://www.springframework.org/schema/tx
	http://www.springframework.org/schema/tx/spring-tx.xsd
	">

	<!-- 扫描realm -->
	<context:component-scan
		base-package="com.sxt.sys.realm"></context:component-scan>

	<!-- 创建凭证匹配器 -->
	<bean id="credentialsMatcher"
		class="org.apache.shiro.authc.credential.HashedCredentialsMatcher">
		<!-- 加密方式 -->
		<property name="hashAlgorithmName" value="md5"></property>
		<!-- 散列次数 -->
		<property name="hashIterations" value="2"></property>
	</bean>

	<!-- 创建UserRealm -->
	<bean id="userRealm" class="com.sxt.sys.realm.UserRealm">
		<!-- 注入凭证匹配器 -->
		<property name="credentialsMatcher" ref="credentialsMatcher"></property>
	</bean>

	<!-- 创建安全管理器 -->
	<bean id="securityManager"
		class="org.apache.shiro.web.mgt.DefaultWebSecurityManager">
		<property name="realm" ref="userRealm"></property>
	</bean>

	<!-- Shiro 的Web过滤器 id必须和web.xml里面的shiroFilter的 targetBeanName的值一样 -->
	<bean id="shiroFilter"
		class="org.apache.shiro.spring.web.ShiroFilterFactoryBean">
		<!-- Shiro的核心安全接口，这个属性是必须的 -->
		<property name="securityManager" ref="securityManager" />
		<!-- 要求登录时的链接(登录页面地址)，非必须的属性，默认会自动寻找Web工程根目录下的"/login.jsp"页面 -->
		<property name="loginUrl" value="/index.jsp" />
		<!-- 登录成功后要跳转的连接(本例中此属性用不到，因为登录成功后的处理逻辑在UserController里硬编码) -->
		<!-- <property name="successUrl" value="/success.action"/> -->
		<!-- 用户访问未对其授权的资源时，所显示的连接 -->
		<property name="unauthorizedUrl" value="/refuse.jsp" />
		<!-- 过虑器链定义，从上向下顺序执行，一般将/**放在最下边 -->
		<property name="filterChainDefinitions">
			<value>
				<!-- /** = authc 所有url都必须认证通过才可以访问 -->
				/index.jsp*=anon
				/login/toLogin*=anon
				/login/login*=anon
				<!-- 如果用户访问user/logout就使用Shiro注销session -->
				/login/logout = logout
				<!-- /** = anon所有url都不可以匿名访问 -->
				<!-- /** = authc -->
				<!-- /*/* = authc -->
				<!-- /** = authc所有url都不可以匿名访问 必须放到最后面 -->
				/** = authc
			</value>
		</property>
	</bean>


</beans>


