<?xml version="1.0" encoding="UTF-8"?>
<definitions xmlns="http://www.omg.org/spec/BPMN/20100524/MODEL" xmlns:xsi="http://www.w3.org/2001/XMLSchema-instance" xmlns:xsd="http://www.w3.org/2001/XMLSchema" xmlns:activiti="http://activiti.org/bpmn" xmlns:bpmndi="http://www.omg.org/spec/BPMN/20100524/DI" xmlns:omgdc="http://www.omg.org/spec/DD/20100524/DC" xmlns:omgdi="http://www.omg.org/spec/DD/20100524/DI" typeLanguage="http://www.w3.org/2001/XMLSchema" expressionLanguage="http://www.w3.org/1999/XPath" targetNamespace="http://www.activiti.org/test">
    <process id="leave" name="Leave" isExecutable="true">
        <startEvent id="startevent1" name="Start"></startEvent>
        <endEvent id="endevent1" name="End"></endEvent>
        <sequenceFlow id="flow1" sourceRef="startevent1" targetRef="endevent1"></sequenceFlow>
    </process>
    <bpmndi:BPMNDiagram id="BPMNDiagram_myProcess">
        <bpmndi:BPMNPlane bpmnElement="leave" id="BPMNPlane_myProcess">
            <bpmndi:BPMNShape bpmnElement="startevent1" id="BPMNShape_startevent1">
                <omgdc:Bounds height="35.0" width="35.0" x="280.0" y="220.0"></omgdc:Bounds>
            </bpmndi:BPMNShape>
            <bpmndi:BPMNShape bpmnElement="endevent1" id="BPMNShape_endevent1">
                <omgdc:Bounds height="35.0" width="35.0" x="450.0" y="220.0"></omgdc:Bounds>
            </bpmndi:BPMNShape>
            <bpmndi:BPMNEdge bpmnElement="flow1" id="BPMNEdge_flow1">
                <omgdi:waypoint x="315.0" y="237.0"></omgdi:waypoint>
                <omgdi:waypoint x="450.0" y="237.0"></omgdi:waypoint>
            </bpmndi:BPMNEdge>
        </bpmndi:BPMNPlane>
    </bpmndi:BPMNDiagram>
</definitions>