<?xml version="1.0" encoding="UTF-8"?>
<definitions xmlns="http://www.omg.org/spec/BPMN/20100524/MODEL" xmlns:xsi="http://www.w3.org/2001/XMLSchema-instance" xmlns:xsd="http://www.w3.org/2001/XMLSchema" xmlns:activiti="http://activiti.org/bpmn" xmlns:bpmndi="http://www.omg.org/spec/BPMN/20100524/DI" xmlns:omgdc="http://www.omg.org/spec/DD/20100524/DC" xmlns:omgdi="http://www.omg.org/spec/DD/20100524/DI" typeLanguage="http://www.w3.org/2001/XMLSchema" expressionLanguage="http://www.w3.org/1999/XPath" targetNamespace="http://www.activiti.org/test">
    <process id="qingjia" name="My process" isExecutable="true">
        <startEvent id="startevent1" name="Start"></startEvent>
        <userTask id="deptLeaderAudit" name="领导审批">
            <potentialOwner>
                <resourceAssignmentExpression>
                    <formalExpression>deptLeader</formalExpression>
                </resourceAssignmentExpression>
            </potentialOwner>
        </userTask>
        <endEvent id="endevent1" name="End"></endEvent>
        <sequenceFlow id="flow1" sourceRef="startevent1" targetRef="deptLeaderAudit"></sequenceFlow>
        <scriptTask id="outputAuditResult" name="输出审批结果" scriptFormat="groovy">
            <script>
                <![CDATA[out:println "applyUser:"+applyUser+" ,days:"+days+" ,approved:"+approved;]]>
            </script>
        </scriptTask>
        <sequenceFlow id="flow2" sourceRef="deptLeaderAudit" targetRef="outputAuditResult"></sequenceFlow>
        <sequenceFlow id="flow3" sourceRef="outputAuditResult" targetRef="endevent1"></sequenceFlow>
    </process>
    <bpmndi:BPMNDiagram id="BPMNDiagram_myProcess">
        <bpmndi:BPMNPlane bpmnElement="qingjia" id="BPMNPlane_myProcess">
            <bpmndi:BPMNShape bpmnElement="startevent1" id="BPMNShape_startevent1">
                <omgdc:Bounds height="35.0" width="35.0" x="90.0" y="120.0"></omgdc:Bounds>
            </bpmndi:BPMNShape>
            <bpmndi:BPMNShape bpmnElement="deptLeaderAudit" id="BPMNShape_deptLeaderAudit">
                <omgdc:Bounds height="55.0" width="105.0" x="210.0" y="110.0"></omgdc:Bounds>
            </bpmndi:BPMNShape>
            <bpmndi:BPMNShape bpmnElement="endevent1" id="BPMNShape_endevent1">
                <omgdc:Bounds height="35.0" width="35.0" x="540.0" y="120.0"></omgdc:Bounds>
            </bpmndi:BPMNShape>
            <bpmndi:BPMNShape bpmnElement="outputAuditResult" id="BPMNShape_outputAuditResult">
                <omgdc:Bounds height="55.0" width="105.0" x="390.0" y="110.0"></omgdc:Bounds>
            </bpmndi:BPMNShape>
            <bpmndi:BPMNEdge bpmnElement="flow1" id="BPMNEdge_flow1">
                <omgdi:waypoint x="125.0" y="137.0"></omgdi:waypoint>
                <omgdi:waypoint x="210.0" y="137.0"></omgdi:waypoint>
            </bpmndi:BPMNEdge>
            <bpmndi:BPMNEdge bpmnElement="flow2" id="BPMNEdge_flow2">
                <omgdi:waypoint x="315.0" y="137.0"></omgdi:waypoint>
                <omgdi:waypoint x="390.0" y="137.0"></omgdi:waypoint>
            </bpmndi:BPMNEdge>
            <bpmndi:BPMNEdge bpmnElement="flow3" id="BPMNEdge_flow3">
                <omgdi:waypoint x="495.0" y="137.0"></omgdi:waypoint>
                <omgdi:waypoint x="540.0" y="137.0"></omgdi:waypoint>
            </bpmndi:BPMNEdge>
        </bpmndi:BPMNPlane>
    </bpmndi:BPMNDiagram>
</definitions>